<?xml version="1.0" encoding="UTF-8"?>
<project-private xmlns="http://www.netbeans.org/ns/project-private/1">
    <editor-bookmarks xmlns="http://www.netbeans.org/ns/editor-bookmarks/2" lastBookmarkId="0"/>
    <open-files xmlns="http://www.netbeans.org/ns/projectui-open-files/2">
        <group>
            <file>file:/D:/Matkul/PBO%20(Java)/Tubes/Tubes%20Kalkulator/src/Main/Menu_Utama.java</file>
            <file>file:/D:/Matkul/PBO%20(Java)/Tubes/Tubes%20Kalkulator/src/Bil_Kompleks/Menu_Kompleks.java</file>
            <file>file:/D:/Matkul/PBO%20(Java)/Tubes/Tubes%20Kalkulator/src/Geometri/Menu_Geometri.java</file>
            <file>file:/D:/Matkul/PBO%20(Java)/Tubes/Tubes%20Kalkulator/src/Probstat/Menu_Probstat.java</file>
        </group>
    </open-files>
</project-private>
